{
  "prompt": "\u0627\u0643\u062a\u0628 \u0644\u064a \u0633\u0643\u0631\u0628\u062a \u0628\u0644\u063a\u0629 \u0628\u0627\u064a\u062b\u0648\u0646 \u064a\u0642\u0648\u0645 \u0628\u0627\u0633\u062a\u062e\u0631\u0627\u062c \u062c\u0645\u064a\u0639 \u0627\u0644\u0622\u064a\u0627\u062a \u0641\u064a \u0627\u0644\u0642\u0631\u0622\u0646 \u0627\u0644\u0643\u0631\u064a\u0645 \u0627\u0644\u062a\u064a \u062a\u062a\u062d\u062f\u062b \u0639\u0646 \u0627\u0644\u0635\u0628\u0631 \u0648\u0627\u0644\u0631\u062d\u0645\u0629\u060c \u0645\u0639 \u062a\u062d\u062f\u064a\u062f \u0627\u0644\u0633\u0648\u0631\u0629 \u0648\u0631\u0642\u0645 \u0627\u0644\u0622\u064a\u0629 \u0644\u0643\u0644 \u0645\u0646\u0647\u0627.",
  "input_tokens": 119,
  "activations": {
    "layer_0": [
      3.646484375
    ],
    "layer_1": [
      8.6171875
    ],
    "layer_2": [
      8.4765625
    ],
    "layer_3": [
      9.9375
    ],
    "layer_4": [
      11.4296875
    ],
    "layer_5": [
      12.9765625
    ],
    "layer_6": [
      15.7578125
    ],
    "layer_7": [
      16.765625
    ],
    "layer_8": [
      16.359375
    ],
    "layer_9": [
      21.859375
    ],
    "layer_10": [
      19.484375
    ],
    "layer_11": [
      19.34375
    ],
    "layer_12": [
      20.375
    ],
    "layer_13": [
      21.171875
    ],
    "layer_14": [
      22.65625
    ],
    "layer_15": [
      24.875
    ],
    "layer_16": [
      22.796875
    ],
    "layer_17": [
      25.671875
    ],
    "layer_18": [
      26.96875
    ],
    "layer_19": [
      30.5625
    ],
    "layer_20": [
      32.34375
    ],
    "layer_21": [
      37.1875
    ],
    "layer_22": [
      43.09375
    ],
    "layer_23": [
      40.15625
    ],
    "layer_24": [
      53.90625
    ],
    "layer_25": [
      58.40625
    ],
    "layer_26": [
      60.9375
    ],
    "layer_27": [
      80.5625
    ],
    "layer_28": [
      94.25
    ],
    "layer_29": [
      262.75
    ]
  }
}