{
  "prompt": "\u0623\u0628\u064a \u0643\u0648\u062f \u0628\u0627\u064a\u062b\u0648\u0646 \u064a\u0637\u0644\u0639 \u0644\u064a \u0627\u0644\u0622\u064a\u0627\u062a \u0627\u0644\u0644\u064a \u0641\u064a\u0647\u0627 \u0635\u0628\u0631 \u0648\u0631\u062d\u0645\u0629 \u0645\u0646 \u0627\u0644\u0642\u0631\u0622\u0646\u060c \u0648\u064a\u0642\u0648\u0644 \u0644\u064a \u0645\u0646 \u0623\u064a \u0633\u0648\u0631\u0629 \u0647\u064a. \u062e\u0644\u0647 \u0628\u0633\u064a\u0637 \u0648\u0633\u0647\u0644 \u0627\u0644\u0641\u0647\u0645 \u0644\u0648 \u0633\u0645\u062d\u062a.",
  "input_tokens": 107,
  "activations": {
    "layer_0": [
      4.6875
    ],
    "layer_1": [
      2.576171875
    ],
    "layer_2": [
      3.509765625
    ],
    "layer_3": [
      4.3515625
    ],
    "layer_4": [
      4.73046875
    ],
    "layer_5": [
      9.0390625
    ],
    "layer_6": [
      9.3828125
    ],
    "layer_7": [
      13.5546875
    ],
    "layer_8": [
      13.1953125
    ],
    "layer_9": [
      14.3203125
    ],
    "layer_10": [
      15.0625
    ],
    "layer_11": [
      16.453125
    ],
    "layer_12": [
      19.1875
    ],
    "layer_13": [
      21.921875
    ],
    "layer_14": [
      23.8125
    ],
    "layer_15": [
      23.390625
    ],
    "layer_16": [
      25.171875
    ],
    "layer_17": [
      26.921875
    ],
    "layer_18": [
      34.90625
    ],
    "layer_19": [
      44.75
    ],
    "layer_20": [
      47.21875
    ],
    "layer_21": [
      49.28125
    ],
    "layer_22": [
      53.75
    ],
    "layer_23": [
      57.4375
    ],
    "layer_24": [
      59.0
    ],
    "layer_25": [
      56.90625
    ],
    "layer_26": [
      64.3125
    ],
    "layer_27": [
      63.0625
    ],
    "layer_28": [
      71.4375
    ],
    "layer_29": [
      218.5
    ]
  }
}